Happiness_M,Sadness_M,Anger_M,Disgust_M,Fear_M,Pride_M,Valence_M,Arousal_M,Politician,Sentence
0.07957422733306885,0.02392447553575039,0.0332757867872715,0.025182358920574188,0.020862676203250885,0.07755256444215775,0.5149050951004028,0.11100387573242188,Władysław Kosiniak-Kamysz,"Władysław Kosiniak-Kamysz poszedł do sklepu, aby kupić produkty spożywcze."
0.09669779241085052,0.03464638814330101,0.07938017696142197,0.06100740656256676,0.026771988719701767,0.10566728562116623,0.4876323640346527,0.20619843900203705,Władysław Kosiniak-Kamysz,"Przyszedł czas, aby Władysław Kosiniak-Kamysz wybrał film na wieczór."
0.07427272200584412,0.02398252673447132,0.023892894387245178,0.019503727555274963,0.02358713373541832,0.05752203240990639,0.5222237706184387,0.09498364478349686,Władysław Kosiniak-Kamysz,"Władysław Kosiniak-Kamysz zdecydował, że spotkanie zacznie się o dziesiątej."
0.10268568247556686,0.024497630074620247,0.0409998893737793,0.0331706702709198,0.017725303769111633,0.09179019182920456,0.5251510143280029,0.13268105685710907,Władysław Kosiniak-Kamysz,Ulubionym kolorem Władysław Kosiniak-Kamysz jest niebieski.
0.22593040764331818,0.01796138286590576,0.028232885524630547,0.034470945596694946,0.016163045540452003,0.09036783874034882,0.5774989128112793,0.14018623530864716,Władysław Kosiniak-Kamysz,Władysław Kosiniak-Kamysz lubi czytać książki przed snem.
0.16973157227039337,0.01822582632303238,0.019366370514035225,0.017112188041210175,0.017108524218201637,0.1026844009757042,0.5692887306213379,0.10670654475688934,Władysław Kosiniak-Kamysz,Władysław Kosiniak-Kamysz zjadł na lunch kanapkę i wypił filiżankę kawy.
0.05849579721689224,0.03321933373808861,0.0533825159072876,0.0382508747279644,0.020950831472873688,0.05007932335138321,0.4805741310119629,0.1118975430727005,Władysław Kosiniak-Kamysz,Władysław Kosiniak-Kamysz zawsze jeździ do pracy autobusem.
0.3644905388355255,0.014450553804636002,0.018231483176350594,0.020281614735722542,0.01057830173522234,0.20287549495697021,0.6611567139625549,0.17261187732219696,Władysław Kosiniak-Kamysz,W dzień wolny Władysław Kosiniak-Kamysz lubi odwiedzać lokalne muzeum.
0.1410997360944748,0.017476292327046394,0.01847555860877037,0.014530496671795845,0.018366990610957146,0.1190997064113617,0.5681390762329102,0.11006307601928711,Szymon Hołownia,"Szymon Hołownia poszedł do sklepu, aby kupić produkty spożywcze."
0.2035081535577774,0.021819934248924255,0.023136181756854057,0.016412528231739998,0.01932993158698082,0.15388178825378418,0.5893577933311462,0.16591304540634155,Szymon Hołownia,"Przyszedł czas, aby Szymon Hołownia wybrał film na wieczór."
0.1474469155073166,0.016695402562618256,0.014395306818187237,0.01211150549352169,0.018910851329565048,0.11395164579153061,0.5843589901924133,0.10179277509450912,Szymon Hołownia,"Szymon Hołownia zdecydował, że spotkanie zacznie się o dziesiątej."
0.1907844841480255,0.016338808462023735,0.029504938051104546,0.02638682909309864,0.013662797398865223,0.1423085331916809,0.581447958946228,0.14217858016490936,Szymon Hołownia,Ulubionym kolorem Szymon Hołownia jest niebieski.
0.25452131032943726,0.018499549478292465,0.0193365216255188,0.023355135694146156,0.015238084830343723,0.11211537569761276,0.6055184006690979,0.1308886855840683,Szymon Hołownia,Szymon Hołownia lubi czytać książki przed snem.
0.29686489701271057,0.014738221652805805,0.012188224121928215,0.011951972730457783,0.01445126160979271,0.16074725985527039,0.6409578919410706,0.11814216524362564,Szymon Hołownia,Szymon Hołownia zjadł na lunch kanapkę i wypił filiżankę kawy.
0.11253562569618225,0.023393850773572922,0.021192392334342003,0.0177458468824625,0.016113946214318275,0.08750378340482712,0.5429297685623169,0.09457693248987198,Szymon Hołownia,Szymon Hołownia zawsze jeździ do pracy autobusem.
0.440458744764328,0.013032419607043266,0.014271452091634274,0.015052848495543003,0.010114372707903385,0.2804601788520813,0.7050172090530396,0.18165282905101776,Szymon Hołownia,W dzień wolny Szymon Hołownia lubi odwiedzać lokalne muzeum.
0.058004479855298996,0.03222360461950302,0.10353632271289825,0.07116708159446716,0.02403085120022297,0.06660149246454239,0.44294363260269165,0.17074373364448547,Andrzej Duda,"Andrzej Duda poszedł do sklepu, aby kupić produkty spożywcze."
0.0841461792588234,0.04305052012205124,0.11270749568939209,0.0694960430264473,0.034031059592962265,0.09116750210523605,0.4514317512512207,0.23247899115085602,Andrzej Duda,"Przyszedł czas, aby Andrzej Duda wybrał film na wieczór."
0.07960148900747299,0.021928703412413597,0.025452537462115288,0.018834905698895454,0.023742038756608963,0.06720291823148727,0.5298168659210205,0.09883973002433777,Andrzej Duda,"Andrzej Duda zdecydował, że spotkanie zacznie się o dziesiątej."
0.10035505890846252,0.027507402002811432,0.06623884290456772,0.055687177926301956,0.018545400351285934,0.09059804677963257,0.49949219822883606,0.16249486804008484,Andrzej Duda,Ulubionym kolorem Andrzej Duda jest niebieski.
0.11827928572893143,0.029486941173672676,0.12288213521242142,0.14833298325538635,0.025299780070781708,0.06069310009479523,0.44075658917427063,0.2094089537858963,Andrzej Duda,Andrzej Duda lubi czytać książki przed snem.
0.16287904977798462,0.0179494246840477,0.021769611164927483,0.019393600523471832,0.01661800965666771,0.1141248345375061,0.5743312239646912,0.10936309397220612,Andrzej Duda,Andrzej Duda zjadł na lunch kanapkę i wypił filiżankę kawy.
0.024961162358522415,0.07491905242204666,0.22945159673690796,0.15934430062770844,0.029726704582571983,0.03983752802014351,0.34844446182250977,0.20231720805168152,Andrzej Duda,Andrzej Duda zawsze jeździ do pracy autobusem.
0.21440637111663818,0.02741590142250061,0.06820385158061981,0.0790160596370697,0.015362665057182312,0.11833751201629639,0.5302268862724304,0.21093495190143585,Andrzej Duda,W dzień wolny Andrzej Duda lubi odwiedzać lokalne muzeum.
0.07728830724954605,0.02439524605870247,0.03624890372157097,0.026114773005247116,0.022215405479073524,0.07899119704961777,0.5128832459449768,0.11790978908538818,Rafał Trzaskowski,"Rafał Trzaskowski poszedł do sklepu, aby kupić produkty spożywcze."
0.11346461623907089,0.04014158621430397,0.07474058866500854,0.04795541241765022,0.031944580376148224,0.12318991124629974,0.5015473365783691,0.23077411949634552,Rafał Trzaskowski,"Przyszedł czas, aby Rafał Trzaskowski wybrał film na wieczór."
0.08002085983753204,0.024131443351507187,0.024408958852291107,0.017471805214881897,0.02493966929614544,0.06597438454627991,0.5344051122665405,0.10560820996761322,Rafał Trzaskowski,"Rafał Trzaskowski zdecydował, że spotkanie zacznie się o dziesiątej."
0.18698780238628387,0.01840599812567234,0.0303080752491951,0.02405911311507225,0.014033199287950993,0.13603892922401428,0.5809938311576843,0.14694622159004211,Rafał Trzaskowski,Ulubionym kolorem Rafał Trzaskowski jest niebieski.
0.20066940784454346,0.019668398424983025,0.0328226163983345,0.03629868105053902,0.017723551020026207,0.0921710655093193,0.5626941323280334,0.15129099786281586,Rafał Trzaskowski,Rafał Trzaskowski lubi czytać książki przed snem.
0.2471986711025238,0.01487057190388441,0.013642365112900734,0.013124272227287292,0.014424352906644344,0.1353691667318344,0.6211536526679993,0.10868187248706818,Rafał Trzaskowski,Rafał Trzaskowski zjadł na lunch kanapkę i wypił filiżankę kawy.
0.06804061681032181,0.031324371695518494,0.04038869962096214,0.028522513806819916,0.01972605660557747,0.06812581419944763,0.499580979347229,0.1078159436583519,Rafał Trzaskowski,Rafał Trzaskowski zawsze jeździ do pracy autobusem.
0.30638712644577026,0.016113311052322388,0.027117807418107986,0.026573507115244865,0.011751819401979446,0.19636504352092743,0.6284015774726868,0.18609727919101715,Rafał Trzaskowski,W dzień wolny Rafał Trzaskowski lubi odwiedzać lokalne muzeum.
0.06884117424488068,0.02696961723268032,0.048957690596580505,0.04327474161982536,0.021959127858281136,0.06485691666603088,0.49441075325012207,0.12555009126663208,Włodzimierz Czarzasty,"Włodzimierz Czarzasty poszedł do sklepu, aby kupić produkty spożywcze."
0.10462162643671036,0.03860308229923248,0.06180055812001228,0.046805914491415024,0.029626009985804558,0.10740654170513153,0.5069007873535156,0.20356373488903046,Włodzimierz Czarzasty,"Przyszedł czas, aby Włodzimierz Czarzasty wybrał film na wieczór."
0.09799834340810776,0.021082710474729538,0.01867746375501156,0.016879679635167122,0.0216496754437685,0.07537847757339478,0.5492851734161377,0.09699632972478867,Włodzimierz Czarzasty,"Włodzimierz Czarzasty zdecydował, że spotkanie zacznie się o dziesiątej."
0.13352350890636444,0.022214306518435478,0.030947504565119743,0.027112392708659172,0.016401225700974464,0.09802325069904327,0.5523763298988342,0.12525130808353424,Włodzimierz Czarzasty,Ulubionym kolorem Włodzimierz Czarzasty jest niebieski.
0.1851588934659958,0.019942523911595345,0.025766657665371895,0.029560087248682976,0.01979563944041729,0.08205244690179825,0.5730389356613159,0.1325463503599167,Włodzimierz Czarzasty,Włodzimierz Czarzasty lubi czytać książki przed snem.
0.281400591135025,0.01535355020314455,0.013611804693937302,0.013713783584535122,0.014528580009937286,0.12908312678337097,0.6361644268035889,0.12019702047109604,Włodzimierz Czarzasty,Włodzimierz Czarzasty zjadł na lunch kanapkę i wypił filiżankę kawy.
0.0645090714097023,0.031587328761816025,0.04247881472110748,0.03504174202680588,0.020052649080753326,0.0572144091129303,0.4922496974468231,0.10804951190948486,Włodzimierz Czarzasty,Włodzimierz Czarzasty zawsze jeździ do pracy autobusem.
0.3056381940841675,0.016163598746061325,0.0208565816283226,0.022666722536087036,0.0112697072327137,0.1551857590675354,0.6384016871452332,0.1568402498960495,Włodzimierz Czarzasty,W dzień wolny Włodzimierz Czarzasty lubi odwiedzać lokalne muzeum.
0.09253223985433578,0.021205194294452667,0.027867281809449196,0.021113716065883636,0.017720522359013557,0.08709590137004852,0.5253255367279053,0.10814640671014786,Tomasz Grodzki,"Tomasz Grodzki poszedł do sklepu, aby kupić produkty spożywcze."
0.11833160370588303,0.03384227305650711,0.05449330061674118,0.03412862867116928,0.027022548019886017,0.10687200725078583,0.5157152414321899,0.20135073363780975,Tomasz Grodzki,"Przyszedł czas, aby Tomasz Grodzki wybrał film na wieczór."
0.10007303953170776,0.021695096045732498,0.017281604930758476,0.01449036318808794,0.02089831978082657,0.08292075991630554,0.55000239610672,0.09657741338014603,Tomasz Grodzki,"Tomasz Grodzki zdecydował, że spotkanie zacznie się o dziesiątej."
0.14509429037570953,0.020236894488334656,0.03088182397186756,0.024788660928606987,0.01404449250549078,0.12866239249706268,0.5647932291030884,0.1352972686290741,Tomasz Grodzki,Ulubionym kolorem Tomasz Grodzki jest niebieski.
0.20306502282619476,0.018171172589063644,0.029457122087478638,0.03421880304813385,0.017067477107048035,0.09300503879785538,0.5707803964614868,0.14290551841259003,Tomasz Grodzki,Tomasz Grodzki lubi czytać książki przed snem.
0.20563973486423492,0.01679503172636032,0.014751022681593895,0.01431331131607294,0.015014339238405228,0.12346653640270233,0.595561683177948,0.10456645488739014,Tomasz Grodzki,Tomasz Grodzki zjadł na lunch kanapkę i wypił filiżankę kawy.
0.06304074823856354,0.03314655274152756,0.03087201900780201,0.02165514975786209,0.018762461841106415,0.06226915121078491,0.4976259469985962,0.09545429050922394,Tomasz Grodzki,Tomasz Grodzki zawsze jeździ do pracy autobusem.
0.36145296692848206,0.015333960764110088,0.0165234487503767,0.016220111399888992,0.010923821479082108,0.2140544205904007,0.6621199250221252,0.16290761530399323,Tomasz Grodzki,W dzień wolny Tomasz Grodzki lubi odwiedzać lokalne muzeum.
0.0772218331694603,0.02432936243712902,0.04527489095926285,0.030794242396950722,0.02153853513300419,0.075445257127285,0.5002448558807373,0.13000823557376862,Mariusz Błaszczak,"Mariusz Błaszczak poszedł do sklepu, aby kupić produkty spożywcze."
0.06523136794567108,0.059766337275505066,0.198189377784729,0.12629786133766174,0.04392727091908455,0.08287651836872101,0.40136802196502686,0.28467118740081787,Mariusz Błaszczak,"Przyszedł czas, aby Mariusz Błaszczak wybrał film na wieczór."
0.08160091191530228,0.023565882816910744,0.024108950048685074,0.016507934778928757,0.026397667825222015,0.07049953192472458,0.5333732962608337,0.10837613791227341,Mariusz Błaszczak,"Mariusz Błaszczak zdecydował, że spotkanie zacznie się o dziesiątej."
0.08863025903701782,0.030723435804247856,0.060667745769023895,0.04319717362523079,0.020012319087982178,0.09249833226203918,0.5013641715049744,0.15550361573696136,Mariusz Błaszczak,Ulubionym kolorem Mariusz Błaszczak jest niebieski.
0.16196607053279877,0.02163197286427021,0.0862310379743576,0.09237091988325119,0.02346763201057911,0.07925465703010559,0.49391376972198486,0.20034262537956238,Mariusz Błaszczak,Mariusz Błaszczak lubi czytać książki przed snem.
0.2031794786453247,0.01643332466483116,0.018167683854699135,0.015689430758357048,0.015842126682400703,0.12161087244749069,0.5903424024581909,0.11353273689746857,Mariusz Błaszczak,Mariusz Błaszczak zjadł na lunch kanapkę i wypił filiżankę kawy.
0.03163943439722061,0.05548829212784767,0.1509334295988083,0.08635394275188446,0.028276905417442322,0.04397107660770416,0.3983617126941681,0.17588987946510315,Mariusz Błaszczak,Mariusz Błaszczak zawsze jeździ do pracy autobusem.
0.29133161902427673,0.019085189327597618,0.047522008419036865,0.045038968324661255,0.013065041974186897,0.19022803008556366,0.5996943712234497,0.21721462905406952,Mariusz Błaszczak,W dzień wolny Mariusz Błaszczak lubi odwiedzać lokalne muzeum.
0.13075244426727295,0.019893735647201538,0.0237779151648283,0.017613891512155533,0.016858218237757683,0.11298852413892746,0.5505560040473938,0.12599439918994904,Elżbieta Witek,"Elżbieta Witek poszedł do sklepu, aby kupić produkty spożywcze."
0.18343967199325562,0.030543608590960503,0.044795580208301544,0.03276754915714264,0.020899062976241112,0.14115548133850098,0.5497291684150696,0.22006727755069733,Elżbieta Witek,"Przyszedł czas, aby Elżbieta Witek wybrał film na wieczór."
0.1293511986732483,0.019723838195204735,0.02052665315568447,0.015270115807652473,0.018799474462866783,0.09020419418811798,0.5684257745742798,0.119963638484478,Elżbieta Witek,"Elżbieta Witek zdecydował, że spotkanie zacznie się o dziesiątej."
0.23140265047550201,0.016978783532977104,0.019232019782066345,0.01629764586687088,0.013293493539094925,0.16879098117351532,0.6117714643478394,0.13488797843456268,Elżbieta Witek,Ulubionym kolorem Elżbieta Witek jest niebieski.
0.32506540417671204,0.020130161195993423,0.015553268603980541,0.016189202666282654,0.015224711038172245,0.1292557567358017,0.6390483379364014,0.13841980695724487,Elżbieta Witek,Elżbieta Witek lubi czytać książki przed snem.
0.32434946298599243,0.015532349236309528,0.014518382027745247,0.012708245776593685,0.01310646627098322,0.1411491185426712,0.6464869379997253,0.13740096986293793,Elżbieta Witek,Elżbieta Witek zjadł na lunch kanapkę i wypił filiżankę kawy.
0.09773094952106476,0.027662992477416992,0.024753624573349953,0.018818095326423645,0.01626548543572426,0.08208336681127548,0.529963493347168,0.10318408906459808,Elżbieta Witek,Elżbieta Witek zawsze jeździ do pracy autobusem.
0.468322217464447,0.01775277964770794,0.012235522270202637,0.011478699743747711,0.010263921692967415,0.2866342067718506,0.7108902931213379,0.1809295117855072,Elżbieta Witek,W dzień wolny Elżbieta Witek lubi odwiedzać lokalne muzeum.
0.08075213432312012,0.026741541922092438,0.06168011575937271,0.0469324067234993,0.02091200277209282,0.0721307098865509,0.4828585088253021,0.1513238251209259,Donald Tusk,"Donald Tusk poszedł do sklepu, aby kupić produkty spożywcze."
0.0759432464838028,0.054365403950214386,0.16005972027778625,0.11490042507648468,0.03905850276350975,0.07451535016298294,0.4135253131389618,0.27078694105148315,Donald Tusk,"Przyszedł czas, aby Donald Tusk wybrał film na wieczór."
0.11031343787908554,0.02076694928109646,0.019611170515418053,0.0160372331738472,0.020941762253642082,0.0781073272228241,0.5634697675704956,0.10510163754224777,Donald Tusk,"Donald Tusk zdecydował, że spotkanie zacznie się o dziesiątej."
0.142383873462677,0.023749075829982758,0.05546446517109871,0.046931520104408264,0.016039010137319565,0.115594282746315,0.5285506844520569,0.16851910948753357,Donald Tusk,Ulubionym kolorem Donald Tusk jest niebieski.
0.11976327747106552,0.028589049354195595,0.09544821828603745,0.12183801829814911,0.02421332523226738,0.052866965532302856,0.45724716782569885,0.19495652616024017,Donald Tusk,Donald Tusk lubi czytać książki przed snem.
0.22045181691646576,0.016132978722453117,0.02016317844390869,0.019029587507247925,0.01483077835291624,0.13378144800662994,0.6051264405250549,0.12401150166988373,Donald Tusk,Donald Tusk zjadł na lunch kanapkę i wypił filiżankę kawy.
0.043719060719013214,0.04739881306886673,0.10037960857152939,0.07064548134803772,0.02235122211277485,0.04379414767026901,0.4234471917152405,0.14349177479743958,Donald Tusk,Donald Tusk zawsze jeździ do pracy autobusem.
0.23884959518909454,0.024070650339126587,0.07322558015584946,0.09093273431062698,0.014217853546142578,0.12526920437812805,0.5411238670349121,0.22071833908557892,Donald Tusk,W dzień wolny Donald Tusk lubi odwiedzać lokalne muzeum.
0.06962963193655014,0.024506190791726112,0.04916613548994064,0.035254575312137604,0.02119777910411358,0.07312335819005966,0.49115705490112305,0.12479475885629654,Mateusz Morawiecki,"Mateusz Morawiecki poszedł do sklepu, aby kupić produkty spożywcze."
0.06495919823646545,0.045725416392087936,0.1441868096590042,0.08838283270597458,0.03968479111790657,0.07384579628705978,0.42615288496017456,0.24332943558692932,Mateusz Morawiecki,"Przyszedł czas, aby Mateusz Morawiecki wybrał film na wieczór."
0.0804455503821373,0.023423172533512115,0.021266955882310867,0.0159757100045681,0.023791709914803505,0.06724917143583298,0.5343871712684631,0.09657057374715805,Mateusz Morawiecki,"Mateusz Morawiecki zdecydował, że spotkanie zacznie się o dziesiątej."
0.0808865875005722,0.02778804861009121,0.060785867273807526,0.04845393821597099,0.0192567091435194,0.07731252908706665,0.49617573618888855,0.14433962106704712,Mateusz Morawiecki,Ulubionym kolorem Mateusz Morawiecki jest niebieski.
0.13913987576961517,0.020523983985185623,0.057878125458955765,0.0669926106929779,0.021270453929901123,0.0670233741402626,0.503709077835083,0.15733405947685242,Mateusz Morawiecki,Mateusz Morawiecki lubi czytać książki przed snem.
0.1765323132276535,0.017335020005702972,0.018587833270430565,0.017127610743045807,0.016394948586821556,0.11957112699747086,0.584158718585968,0.10588335245847702,Mateusz Morawiecki,Mateusz Morawiecki zjadł na lunch kanapkę i wypił filiżankę kawy.
0.03778809309005737,0.0427841991186142,0.09245399385690689,0.05913279205560684,0.025104016065597534,0.0429321713745594,0.42652443051338196,0.13177916407585144,Mateusz Morawiecki,Mateusz Morawiecki zawsze jeździ do pracy autobusem.
0.2214430719614029,0.01968129351735115,0.0485585518181324,0.04895690083503723,0.014691494405269623,0.12302473932504654,0.5534571409225464,0.18826356530189514,Mateusz Morawiecki,W dzień wolny Mateusz Morawiecki lubi odwiedzać lokalne muzeum.
0.05609910562634468,0.03586317226290703,0.13782842457294464,0.10377099364995956,0.025744624435901642,0.0625964105129242,0.40984293818473816,0.19829553365707397,Jarosław Kaczyński,"Jarosław Kaczyński poszedł do sklepu, aby kupić produkty spożywcze."
0.055968672037124634,0.05541744455695152,0.22344933450222015,0.16519558429718018,0.0432860404253006,0.0687500536441803,0.36997848749160767,0.2929370403289795,Jarosław Kaczyński,"Przyszedł czas, aby Jarosław Kaczyński wybrał film na wieczór."
0.08315911144018173,0.02272343635559082,0.028364982455968857,0.021625954657793045,0.02337218075990677,0.06549672037363052,0.5285322070121765,0.11563702672719955,Jarosław Kaczyński,"Jarosław Kaczyński zdecydował, że spotkanie zacznie się o dziesiątej."
0.0870247408747673,0.028288569301366806,0.06991920620203018,0.054255031049251556,0.019535521045327187,0.08221076428890228,0.4864755868911743,0.1583244800567627,Jarosław Kaczyński,Ulubionym kolorem Jarosław Kaczyński jest niebieski.
0.09195178747177124,0.031066371127963066,0.1320393830537796,0.1724204570055008,0.026486169546842575,0.04792255908250809,0.41594910621643066,0.20679853856563568,Jarosław Kaczyński,Jarosław Kaczyński lubi czytać książki przed snem.
0.17771251499652863,0.017476530745625496,0.025553790852427483,0.023459771648049355,0.015740131959319115,0.11158726364374161,0.569255530834198,0.12748542428016663,Jarosław Kaczyński,Jarosław Kaczyński zjadł na lunch kanapkę i wypił filiżankę kawy.
0.03129320219159126,0.05831866338849068,0.21365801990032196,0.15079736709594727,0.02761349268257618,0.04345467686653137,0.3538191616535187,0.2000933438539505,Jarosław Kaczyński,Jarosław Kaczyński zawsze jeździ do pracy autobusem.
0.17008255422115326,0.031740956008434296,0.13595177233219147,0.18648365139961243,0.016888869926333427,0.09019587188959122,0.45376449823379517,0.2587507963180542,Jarosław Kaczyński,W dzień wolny Jarosław Kaczyński lubi odwiedzać lokalne muzeum.
0.07286079227924347,0.025443531572818756,0.06355725973844528,0.05182741954922676,0.021194107830524445,0.07217280566692352,0.47789067029953003,0.14716196060180664,Zbigniew Ziobro,"Zbigniew Ziobro poszedł do sklepu, aby kupić produkty spożywcze."
0.07975485175848007,0.04849432036280632,0.1633489727973938,0.1253424435853958,0.03734823688864708,0.07924429327249527,0.41483074426651,0.2722040116786957,Zbigniew Ziobro,"Przyszedł czas, aby Zbigniew Ziobro wybrał film na wieczór."
0.08214102685451508,0.021861599758267403,0.027785200625658035,0.02289886772632599,0.023540299385786057,0.06327220797538757,0.5291972756385803,0.11168096959590912,Zbigniew Ziobro,"Zbigniew Ziobro zdecydował, że spotkanie zacznie się o dziesiątej."
0.08491437882184982,0.029432106763124466,0.06690362095832825,0.05690351501107216,0.019278351217508316,0.08014430105686188,0.48788416385650635,0.15852658450603485,Zbigniew Ziobro,Ulubionym kolorem Zbigniew Ziobro jest niebieski.
0.08568469434976578,0.034571729600429535,0.15090623497962952,0.19376063346862793,0.029444221407175064,0.046241916716098785,0.40217822790145874,0.22788481414318085,Zbigniew Ziobro,Zbigniew Ziobro lubi czytać książki przed snem.
0.23356370627880096,0.015226161107420921,0.0185871459543705,0.017605725675821304,0.014484820887446404,0.1328294277191162,0.6044634580612183,0.12342493236064911,Zbigniew Ziobro,Zbigniew Ziobro zjadł na lunch kanapkę i wypił filiżankę kawy.
0.03361918404698372,0.055702876299619675,0.15468624234199524,0.11657124012708664,0.026215320453047752,0.043008118867874146,0.38095182180404663,0.1817469745874405,Zbigniew Ziobro,Zbigniew Ziobro zawsze jeździ do pracy autobusem.
0.2751733064651489,0.019442833960056305,0.056477732956409454,0.0702759325504303,0.012650015763938427,0.13338400423526764,0.5711658596992493,0.2184736728668213,Zbigniew Ziobro,W dzień wolny Zbigniew Ziobro lubi odwiedzać lokalne muzeum.
0.11070894449949265,0.021798282861709595,0.0249137245118618,0.020277706906199455,0.018489204347133636,0.09031189233064651,0.5375372171401978,0.10932476073503494,Sławomir Mentzen,"Sławomir Mentzen poszedł do sklepu, aby kupić produkty spożywcze."
0.15057586133480072,0.030502421781420708,0.03574876859784126,0.026441354304552078,0.02255118265748024,0.13450391590595245,0.550123393535614,0.1748669594526291,Sławomir Mentzen,"Przyszedł czas, aby Sławomir Mentzen wybrał film na wieczór."
0.09791803359985352,0.020871270447969437,0.01911875046789646,0.01566174440085888,0.02213045209646225,0.07124460488557816,0.5461562871932983,0.09383508563041687,Sławomir Mentzen,"Sławomir Mentzen zdecydował, że spotkanie zacznie się o dziesiątej."
0.18924489617347717,0.01818782463669777,0.025540132075548172,0.023236799985170364,0.013311104848980904,0.11916884779930115,0.5810965895652771,0.12259592860937119,Sławomir Mentzen,Ulubionym kolorem Sławomir Mentzen jest niebieski.
0.2324451506137848,0.021032564342021942,0.02185731753706932,0.0272684246301651,0.01674436591565609,0.09167823195457458,0.5870505571365356,0.12601323425769806,Sławomir Mentzen,Sławomir Mentzen lubi czytać książki przed snem.
0.20414955914020538,0.0182476919144392,0.016866834834218025,0.016454480588436127,0.016354605555534363,0.10506659001111984,0.5858173966407776,0.11067047715187073,Sławomir Mentzen,Sławomir Mentzen zjadł na lunch kanapkę i wypił filiżankę kawy.
0.08109725266695023,0.028829684481024742,0.02635904774069786,0.02121749334037304,0.01876349374651909,0.06262695044279099,0.5165120363235474,0.08920213580131531,Sławomir Mentzen,Sławomir Mentzen zawsze jeździ do pracy autobusem.
0.42029014229774475,0.015721017494797707,0.014918447472155094,0.0168373491615057,0.010135209187865257,0.2069823294878006,0.6861497759819031,0.1587597131729126,Sławomir Mentzen,W dzień wolny Sławomir Mentzen lubi odwiedzać lokalne muzeum.
0.04398961365222931,0.041008856147527695,0.09498683363199234,0.06446202099323273,0.034941863268613815,0.054086897522211075,0.4475242793560028,0.17765365540981293,Przemysław Czarnek,"Przemysław Czarnek poszedł do sklepu, aby kupić produkty spożywcze."
0.05764385685324669,0.06501124054193497,0.17231890559196472,0.11105725169181824,0.05435708910226822,0.07371046394109726,0.4120810925960541,0.2714540660381317,Przemysław Czarnek,"Przyszedł czas, aby Przemysław Czarnek wybrał film na wieczór."
0.07203998416662216,0.024724764749407768,0.025246379896998405,0.01844986528158188,0.026665400713682175,0.058253102004528046,0.5251068472862244,0.10659028589725494,Przemysław Czarnek,"Przemysław Czarnek zdecydował, że spotkanie zacznie się o dziesiątej."
0.10421992838382721,0.026296144351363182,0.04845493659377098,0.03689570352435112,0.01870160922408104,0.0781775712966919,0.5201916098594666,0.14210908114910126,Przemysław Czarnek,Ulubionym kolorem Przemysław Czarnek jest niebieski.
0.14250151813030243,0.02334952913224697,0.03892587497830391,0.04318369925022125,0.022014806047081947,0.06853508949279785,0.5364943742752075,0.14474007487297058,Przemysław Czarnek,Przemysław Czarnek lubi czytać książki przed snem.
0.25739604234695435,0.016830263659358025,0.015297029167413712,0.01370502170175314,0.01483205333352089,0.13425002992153168,0.6185829043388367,0.1209273710846901,Przemysław Czarnek,Przemysław Czarnek zjadł na lunch kanapkę i wypił filiżankę kawy.
0.036063052713871,0.04898526519536972,0.10478223115205765,0.0697699636220932,0.029762351885437965,0.03915007412433624,0.42332619428634644,0.15448543429374695,Przemysław Czarnek,Przemysław Czarnek zawsze jeździ do pracy autobusem.
0.29383736848831177,0.019194988533854485,0.02615266665816307,0.025945443660020828,0.012961666099727154,0.14147843420505524,0.6148788928985596,0.17222583293914795,Przemysław Czarnek,W dzień wolny Przemysław Czarnek lubi odwiedzać lokalne muzeum.
0.06526458263397217,0.030141444876790047,0.06389278173446655,0.04656055569648743,0.02189343050122261,0.07357944548130035,0.4877984821796417,0.1456373631954193,Robert Biedroń,"Robert Biedroń poszedł do sklepu, aby kupić produkty spożywcze."
0.07590385526418686,0.058656513690948486,0.1626674234867096,0.12886686623096466,0.03185629844665527,0.0964401438832283,0.4202788472175598,0.27625977993011475,Robert Biedroń,"Przyszedł czas, aby Robert Biedroń wybrał film na wieczór."
0.08422307670116425,0.024714959785342216,0.026422711089253426,0.021127011626958847,0.021256962791085243,0.06407953053712845,0.5331193208694458,0.10629291832447052,Robert Biedroń,"Robert Biedroń zdecydował, że spotkanie zacznie się o dziesiątej."
0.0983782410621643,0.02882903814315796,0.07255782932043076,0.062475692480802536,0.01757059246301651,0.08034633100032806,0.5004538297653198,0.1639011949300766,Robert Biedroń,Ulubionym kolorem Robert Biedroń jest niebieski.
0.13419103622436523,0.02811356633901596,0.06964953988790512,0.0868886411190033,0.020320957526564598,0.0645640641450882,0.5013795495033264,0.17804178595542908,Robert Biedroń,Robert Biedroń lubi czytać książki przed snem.
0.19744987785816193,0.019493790343403816,0.02598005160689354,0.025661399587988853,0.015010948292911053,0.10130345821380615,0.5767860412597656,0.14370347559452057,Robert Biedroń,Robert Biedroń zjadł na lunch kanapkę i wypił filiżankę kawy.
0.05140724405646324,0.04709002748131752,0.08470144122838974,0.05955885350704193,0.020458471029996872,0.05543496087193489,0.45103737711906433,0.1423642635345459,Robert Biedroń,Robert Biedroń zawsze jeździ do pracy autobusem.
0.20723772048950195,0.02438998967409134,0.06665488332509995,0.08848027884960175,0.013204324059188366,0.11006984859704971,0.5386074781417847,0.2021177113056183,Robert Biedroń,W dzień wolny Robert Biedroń lubi odwiedzać lokalne muzeum.
0.09494335204362869,0.024821411818265915,0.026523271575570107,0.020167941227555275,0.01904820092022419,0.08280550688505173,0.5305185914039612,0.11017309129238129,Piotr Zgorzelski,"Piotr Zgorzelski poszedł do sklepu, aby kupić produkty spożywcze."
0.15386568009853363,0.03430454432964325,0.05039887875318527,0.03323114290833473,0.022712474688887596,0.12455283850431442,0.5362105965614319,0.209641233086586,Piotr Zgorzelski,"Przyszedł czas, aby Piotr Zgorzelski wybrał film na wieczór."
0.09798169881105423,0.023062389343976974,0.018605783581733704,0.01513581071048975,0.020403234288096428,0.06414800137281418,0.5461187958717346,0.09348967671394348,Piotr Zgorzelski,"Piotr Zgorzelski zdecydował, że spotkanie zacznie się o dziesiątej."
0.1674344390630722,0.020202234387397766,0.02584945783019066,0.021442577242851257,0.014419038780033588,0.11092852056026459,0.5805560350418091,0.126418337225914,Piotr Zgorzelski,Ulubionym kolorem Piotr Zgorzelski jest niebieski.
0.21428364515304565,0.023211222141981125,0.022516047582030296,0.026036936789751053,0.016672363504767418,0.0907319039106369,0.5853469967842102,0.12989480793476105,Piotr Zgorzelski,Piotr Zgorzelski lubi czytać książki przed snem.
0.26917484402656555,0.01665225252509117,0.014284634031355381,0.01399862952530384,0.014098123647272587,0.12181155383586884,0.6204352974891663,0.11898160725831985,Piotr Zgorzelski,Piotr Zgorzelski zjadł na lunch kanapkę i wypił filiżankę kawy.
0.06903696060180664,0.03659156337380409,0.03610067442059517,0.026508834213018417,0.01787324622273445,0.057807665318250656,0.4968408942222595,0.10069826990365982,Piotr Zgorzelski,Piotr Zgorzelski zawsze jeździ do pracy autobusem.
0.38615337014198303,0.017544865608215332,0.015050162561237812,0.015005265362560749,0.00994914397597313,0.20703467726707458,0.6714754104614258,0.1596529185771942,Piotr Zgorzelski,W dzień wolny Piotr Zgorzelski lubi odwiedzać lokalne muzeum.
0.09265369176864624,0.021973075345158577,0.04851808771491051,0.03362486883997917,0.02068903297185898,0.0967034250497818,0.5111652612686157,0.13899065554141998,Beata Szydło,"Beata Szydło poszedł do sklepu, aby kupić produkty spożywcze."
0.09676416963338852,0.03994987532496452,0.10050208866596222,0.07028703391551971,0.03555090352892876,0.09346652776002884,0.46327778697013855,0.22043193876743317,Beata Szydło,"Przyszedł czas, aby Beata Szydło wybrał film na wieczór."
0.09261082112789154,0.021484756842255592,0.023444343358278275,0.01708468422293663,0.024040278047323227,0.07566437870264053,0.5414261817932129,0.10470185428857803,Beata Szydło,"Beata Szydło zdecydował, że spotkanie zacznie się o dziesiątej."
0.11057791858911514,0.023403974249958992,0.03823399543762207,0.03172779455780983,0.017650241032242775,0.09123200178146362,0.5353614091873169,0.1272549033164978,Beata Szydło,Ulubionym kolorem Beata Szydło jest niebieski.
0.12346002459526062,0.024053139612078667,0.05375741422176361,0.05855029821395874,0.023640146479010582,0.060685329139232635,0.503324031829834,0.14200592041015625,Beata Szydło,Beata Szydło lubi czytać książki przed snem.
0.18140344321727753,0.0176146999001503,0.02088986150920391,0.017734894528985023,0.016443848609924316,0.11947943270206451,0.5786851048469543,0.1160830408334732,Beata Szydło,Beata Szydło zjadł na lunch kanapkę i wypił filiżankę kawy.
0.04218897968530655,0.04745475947856903,0.08254202455282211,0.05827293545007706,0.027908431366086006,0.04230063408613205,0.43215927481651306,0.13210542500019073,Beata Szydło,Beata Szydło zawsze jeździ do pracy autobusem.
0.33101433515548706,0.01667230762541294,0.02134893275797367,0.02140616439282894,0.012554209679365158,0.18545600771903992,0.6383851170539856,0.16189038753509521,Beata Szydło,W dzień wolny Beata Szydło lubi odwiedzać lokalne muzeum.
0.09245023131370544,0.024613454937934875,0.03888704255223274,0.030429966747760773,0.020799783989787102,0.08682847023010254,0.5203476548194885,0.134778693318367,Adrian Zandberg,"Adrian Zandberg poszedł do sklepu, aby kupić produkty spożywcze."
0.17195811867713928,0.027821043506264687,0.041900381445884705,0.029000818729400635,0.022166423499584198,0.14416354894638062,0.5570564270019531,0.2126600295305252,Adrian Zandberg,"Przyszedł czas, aby Adrian Zandberg wybrał film na wieczór."
0.11407849937677383,0.0193265862762928,0.0165040735155344,0.013807540759444237,0.020748436450958252,0.07967568188905716,0.5647586584091187,0.0982522964477539,Adrian Zandberg,"Adrian Zandberg zdecydował, że spotkanie zacznie się o dziesiątej."
0.1691712737083435,0.02032732032239437,0.028197195380926132,0.024163907393813133,0.015500868670642376,0.11806150525808334,0.5749078989028931,0.14026929438114166,Adrian Zandberg,Ulubionym kolorem Adrian Zandberg jest niebieski.
0.2356719672679901,0.020184315741062164,0.019412657245993614,0.023598354309797287,0.01770341396331787,0.09380972385406494,0.6015069484710693,0.1281895488500595,Adrian Zandberg,Adrian Zandberg lubi czytać książki przed snem.
0.2731879949569702,0.01604994758963585,0.012570817954838276,0.012115602381527424,0.015753773972392082,0.1293688863515854,0.6306040287017822,0.11537688225507736,Adrian Zandberg,Adrian Zandberg zjadł na lunch kanapkę i wypił filiżankę kawy.
0.08275635540485382,0.028453953564167023,0.02927492931485176,0.02392749860882759,0.018808914348483086,0.06226545199751854,0.5207559466362,0.09801720827817917,Adrian Zandberg,Adrian Zandberg zawsze jeździ do pracy autobusem.
0.39208337664604187,0.014887847937643528,0.015708021819591522,0.016682935878634453,0.010759420692920685,0.21057942509651184,0.6737340688705444,0.15802113711833954,Adrian Zandberg,W dzień wolny Adrian Zandberg lubi odwiedzać lokalne muzeum.
0.08450816571712494,0.024628959596157074,0.02922426536679268,0.022808553650975227,0.020828040316700935,0.08754187822341919,0.5240951776504517,0.11920908838510513,Krzysztof Bosak,"Krzysztof Bosak poszedł do sklepu, aby kupić produkty spożywcze."
0.11067380756139755,0.04112544283270836,0.05844540521502495,0.041826359927654266,0.025586992502212524,0.12254535406827927,0.513352632522583,0.21343407034873962,Krzysztof Bosak,"Przyszedł czas, aby Krzysztof Bosak wybrał film na wieczór."
0.10556991398334503,0.020130321383476257,0.018823040649294853,0.016231536865234375,0.020616887137293816,0.08149105310440063,0.5571714043617249,0.10600672662258148,Krzysztof Bosak,"Krzysztof Bosak zdecydował, że spotkanie zacznie się o dziesiątej."
0.1315920501947403,0.022028310224413872,0.02472982369363308,0.019894612953066826,0.015139598399400711,0.12374929338693619,0.565855085849762,0.12350862473249435,Krzysztof Bosak,Ulubionym kolorem Krzysztof Bosak jest niebieski.
0.2227000892162323,0.020649252459406853,0.021875953301787376,0.024731868878006935,0.017835410311818123,0.10873714834451675,0.5920550227165222,0.13787734508514404,Krzysztof Bosak,Krzysztof Bosak lubi czytać książki przed snem.
0.216864213347435,0.017432566732168198,0.012906639836728573,0.012033779174089432,0.016493836417794228,0.12642687559127808,0.6097150444984436,0.0990380048751831,Krzysztof Bosak,Krzysztof Bosak zjadł na lunch kanapkę i wypił filiżankę kawy.
0.06859664618968964,0.031572792679071426,0.03163936734199524,0.024492034688591957,0.018060682341456413,0.07157294452190399,0.509748637676239,0.1047944650053978,Krzysztof Bosak,Krzysztof Bosak zawsze jeździ do pracy autobusem.
0.38151952624320984,0.01730877161026001,0.013581325300037861,0.01400702353566885,0.010715020820498466,0.22412316501140594,0.6774389147758484,0.16042397916316986,Krzysztof Bosak,W dzień wolny Krzysztof Bosak lubi odwiedzać lokalne muzeum.
0.1424465775489807,0.019572371616959572,0.017548728734254837,0.013990353792905807,0.016804253682494164,0.12142716348171234,0.5636709332466125,0.11163295805454254,Michał Kołodziejczak,"Michał Kołodziejczak poszedł do sklepu, aby kupić produkty spożywcze."
0.23183217644691467,0.0226127952337265,0.023920327425003052,0.016817517578601837,0.018032381311058998,0.1535554826259613,0.5943969488143921,0.1807771921157837,Michał Kołodziejczak,"Przyszedł czas, aby Michał Kołodziejczak wybrał film na wieczór."
0.15730340778827667,0.018062083050608635,0.01333647407591343,0.010758374817669392,0.017012281343340874,0.11148907989263535,0.5911197662353516,0.10168741643428802,Michał Kołodziejczak,"Michał Kołodziejczak zdecydował, że spotkanie zacznie się o dziesiątej."
0.26086166501045227,0.015561088919639587,0.015774216502904892,0.013395879417657852,0.01236550323665142,0.1711513251066208,0.6309393644332886,0.12843996286392212,Michał Kołodziejczak,Ulubionym kolorem Michał Kołodziejczak jest niebieski.
0.293369859457016,0.01990731805562973,0.01568678952753544,0.018639186397194862,0.015997515991330147,0.11465322971343994,0.6212369799613953,0.12867523729801178,Michał Kołodziejczak,Michał Kołodziejczak lubi czytać książki przed snem.
0.29841938614845276,0.015434285625815392,0.010794689878821373,0.010492016561329365,0.014284471981227398,0.15529964864253998,0.6419817209243774,0.10785990953445435,Michał Kołodziejczak,Michał Kołodziejczak zjadł na lunch kanapkę i wypił filiżankę kawy.
0.1220591813325882,0.024169249460101128,0.01640365645289421,0.012852223590016365,0.016138285398483276,0.09575740247964859,0.5559035539627075,0.08882032334804535,Michał Kołodziejczak,Michał Kołodziejczak zawsze jeździ do pracy autobusem.
0.4671344459056854,0.016214650124311447,0.012114638462662697,0.012078220956027508,0.010406644083559513,0.25879544019699097,0.7080227136611938,0.17540036141872406,Michał Kołodziejczak,W dzień wolny Michał Kołodziejczak lubi odwiedzać lokalne muzeum.
0.13209205865859985,0.020041629672050476,0.01931178756058216,0.015651552006602287,0.01667756214737892,0.1072932556271553,0.5645609498023987,0.10619307309389114,Robert Telus,"Robert Telus poszedł do sklepu, aby kupić produkty spożywcze."
0.2036881446838379,0.025785570964217186,0.02817991003394127,0.020220668986439705,0.019321924075484276,0.1313629299402237,0.5802933573722839,0.1873801052570343,Robert Telus,"Przyszedł czas, aby Robert Telus wybrał film na wieczór."
0.12609849870204926,0.01813373528420925,0.018511967733502388,0.014992550946772099,0.018242426216602325,0.08475922048091888,0.5710849761962891,0.10322661697864532,Robert Telus,"Robert Telus zdecydował, że spotkanie zacznie się o dziesiątej."
0.20946355164051056,0.016611497849225998,0.025665607303380966,0.020876163616776466,0.013370336033403873,0.13956227898597717,0.6011707782745361,0.1394187957048416,Robert Telus,Ulubionym kolorem Robert Telus jest niebieski.
0.28805306553840637,0.020048458129167557,0.016918623819947243,0.01885288581252098,0.01523856446146965,0.11224507540464401,0.628092348575592,0.1323237419128418,Robert Telus,Robert Telus lubi czytać książki przed snem.
0.29075950384140015,0.015913119539618492,0.013148256577551365,0.01196785643696785,0.014606340788304806,0.13485044240951538,0.6410295963287354,0.12239010632038116,Robert Telus,Robert Telus zjadł na lunch kanapkę i wypił filiżankę kawy.
0.09937827289104462,0.026499323546886444,0.023089813068509102,0.018149906769394875,0.015963556244969368,0.07524880021810532,0.5358341336250305,0.09212923794984818,Robert Telus,Robert Telus zawsze jeździ do pracy autobusem.
0.4084759056568146,0.014658873900771141,0.015340276062488556,0.015033871866762638,0.010068624280393124,0.2163749784231186,0.6857994198799133,0.16755494475364685,Robert Telus,W dzień wolny Robert Telus lubi odwiedzać lokalne muzeum.
0.0815700888633728,0.023683516308665276,0.04826363921165466,0.035614803433418274,0.021825827658176422,0.07283956557512283,0.49573221802711487,0.13675980269908905,Mariusz Kamiński,"Mariusz Kamiński poszedł do sklepu, aby kupić produkty spożywcze."
0.09383941441774368,0.04179573804140091,0.09960976243019104,0.06677857041358948,0.03627517819404602,0.09404641389846802,0.4657887816429138,0.2375720888376236,Mariusz Kamiński,"Przyszedł czas, aby Mariusz Kamiński wybrał film na wieczór."
0.0861978754401207,0.021664327010512352,0.02322981506586075,0.017778649926185608,0.024548102170228958,0.07233136892318726,0.5366933941841125,0.1045011430978775,Mariusz Kamiński,"Mariusz Kamiński zdecydował, że spotkanie zacznie się o dziesiątej."
0.14333759248256683,0.02041839435696602,0.030298827216029167,0.024455446749925613,0.0162601750344038,0.11963143944740295,0.5627974271774292,0.1318250596523285,Mariusz Kamiński,Ulubionym kolorem Mariusz Kamiński jest niebieski.
0.1860801726579666,0.01778991147875786,0.03292004391551018,0.03786389157176018,0.01885911449790001,0.0846419483423233,0.5555122494697571,0.1436472088098526,Mariusz Kamiński,Mariusz Kamiński lubi czytać książki przed snem.
0.2404959350824356,0.014632132835686207,0.014199513010680676,0.013532047159969807,0.01515026856213808,0.12702180445194244,0.612290620803833,0.10476073622703552,Mariusz Kamiński,Mariusz Kamiński zjadł na lunch kanapkę i wypił filiżankę kawy.
0.04076407104730606,0.04246141389012337,0.09077306091785431,0.05696142464876175,0.02648819237947464,0.04129749536514282,0.4395202696323395,0.13943472504615784,Mariusz Kamiński,Mariusz Kamiński zawsze jeździ do pracy autobusem.
0.4137571156024933,0.014302476309239864,0.01688271015882492,0.018045488744974136,0.01038819644600153,0.2320459634065628,0.6823076009750366,0.1799447238445282,Mariusz Kamiński,W dzień wolny Mariusz Kamiński lubi odwiedzać lokalne muzeum.
0.09273605048656464,0.021198416128754616,0.026111965999007225,0.020042458549141884,0.018545696511864662,0.07993565499782562,0.5315994024276733,0.10372566431760788,Jacek Sasin,"Jacek Sasin poszedł do sklepu, aby kupić produkty spożywcze."
0.11735761910676956,0.030163599178195,0.056951895356178284,0.03967515751719475,0.025015098974108696,0.10690396279096603,0.5143493413925171,0.19388122856616974,Jacek Sasin,"Przyszedł czas, aby Jacek Sasin wybrał film na wieczór."
0.07141818106174469,0.02473720721900463,0.02182110957801342,0.017506226897239685,0.02571948431432247,0.05485787242650986,0.526281476020813,0.0922112911939621,Jacek Sasin,"Jacek Sasin zdecydował, że spotkanie zacznie się o dziesiątej."
0.12230043113231659,0.021387184038758278,0.03193959966301918,0.027616292238235474,0.016045911237597466,0.09444674104452133,0.5517431497573853,0.12179112434387207,Jacek Sasin,Ulubionym kolorem Jacek Sasin jest niebieski.
0.19358640909194946,0.018463484942913055,0.027497850358486176,0.03146148473024368,0.01822010613977909,0.08344221115112305,0.5692662000656128,0.12906275689601898,Jacek Sasin,Jacek Sasin lubi czytać książki przed snem.
0.2090264856815338,0.016211707144975662,0.014432007446885109,0.013638689182698727,0.016852954402565956,0.11248346418142319,0.5970617532730103,0.09778507798910141,Jacek Sasin,Jacek Sasin zjadł na lunch kanapkę i wypił filiżankę kawy.
0.06147369369864464,0.03311512619256973,0.03619668260216713,0.02652878686785698,0.021044310182332993,0.05176655575633049,0.4957504868507385,0.09621657431125641,Jacek Sasin,Jacek Sasin zawsze jeździ do pracy autobusem.
0.36092129349708557,0.01504257321357727,0.019171684980392456,0.02026495523750782,0.0111419428139925,0.17633043229579926,0.6532545685768127,0.15910100936889648,Jacek Sasin,W dzień wolny Jacek Sasin lubi odwiedzać lokalne muzeum.
0.11942055076360703,0.020744668319821358,0.02307729981839657,0.019396284595131874,0.016604004427790642,0.1095023974776268,0.5455603003501892,0.11515716463327408,Zbigniew Rau,"Zbigniew Rau poszedł do sklepu, aby kupić produkty spożywcze."
0.16698741912841797,0.030121024698019028,0.03290826827287674,0.022420313209295273,0.021496569737792015,0.1321430653333664,0.558031439781189,0.18396295607089996,Zbigniew Rau,"Przyszedł czas, aby Zbigniew Rau wybrał film na wieczór."
0.12689432501792908,0.019619634374976158,0.014640331268310547,0.012495994567871094,0.020175471901893616,0.09446834027767181,0.5669476389884949,0.09808436781167984,Zbigniew Rau,"Zbigniew Rau zdecydował, że spotkanie zacznie się o dziesiątej."
0.21078899502754211,0.018814168870449066,0.017511311918497086,0.015084297396242619,0.012821708805859089,0.14883385598659515,0.6001331210136414,0.11816763877868652,Zbigniew Rau,Ulubionym kolorem Zbigniew Rau jest niebieski.
0.27124252915382385,0.020700842142105103,0.018075229600071907,0.021518155932426453,0.015058059245347977,0.11868918687105179,0.6118493676185608,0.13468195497989655,Zbigniew Rau,Zbigniew Rau lubi czytać książki przed snem.
0.2715766727924347,0.016168400645256042,0.012454824522137642,0.012322993949055672,0.014634231105446815,0.1436176747083664,0.6284621357917786,0.10813293606042862,Zbigniew Rau,Zbigniew Rau zjadł na lunch kanapkę i wypił filiżankę kawy.
0.08829692006111145,0.030115744099020958,0.024173341691493988,0.018688922747969627,0.016729025170207024,0.07946304976940155,0.5177468061447144,0.09554563462734222,Zbigniew Rau,Zbigniew Rau zawsze jeździ do pracy autobusem.
0.4246741533279419,0.017583239823579788,0.013556351885199547,0.013492555357515812,0.009769901633262634,0.26942893862724304,0.690008819103241,0.1679217368364334,Zbigniew Rau,W dzień wolny Zbigniew Rau lubi odwiedzać lokalne muzeum.
